ResellerKey,Business Type,Reseller,City,State-Province,Country-Region,Postal Code,Reseller ID
277,Specialty Bike Shop,The Bicycle Accessories Company,Alhambra,California,United States,91801,AW00000277
455,Value Added Reseller,Timely Shipping Service,Alpine,California,United States,91901,AW00000455
609,Value Added Reseller,Good Toys,Auburn,California,United States,95603,AW00000609
492,Specialty Bike Shop,Basic Sports Equipment,Baldwin Park,California,United States,91706,AW00000492
365,Specialty Bike Shop,Distinctive Store,Barstow,California,United States,92311,AW00000365
168,Specialty Bike Shop,Economy Bikes Company,Bell Gardens,California,United States,90201,AW00000168
6,Warehouse,Aerobic Exercise Company,Camarillo,California,United States,93010,AW00000006
402,Warehouse,Pro Sporting Goods,Camarillo,California,United States,93010,AW00000402
529,Warehouse,Big-Time Bike Store,Camarillo,California,United States,93010,AW00000529
241,Specialty Bike Shop,Vale Riding Supplies,Canoga Park,California,United States,91303,AW00000241
167,Value Added Reseller,Farthermost Bike Shop,Carson,California,United States,90746,AW00000167
187,Warehouse,Trailblazing Sports,Cerritos,California,United States,90703,AW00000187
493,Warehouse,Valley Bicycle Distributors,Citrus Heights,California,United States,95610,AW00000493
366,Warehouse,Extended Bike Sales,City Of Commerce,California,United States,90040,AW00000366
312,Value Added Reseller,Resale Services,Culver City,California,United States,90232,AW00000312
151,Warehouse,Futuristic Bikes,Culver City,California,United States,90232,AW00000151
674,Specialty Bike Shop,Discount Tours,Daly City,California,United States,94015,AW00000674
329,Specialty Bike Shop,"Unicycles, Bicycles, and Tricycles",Downey,California,United States,90241,AW00000329
313,Specialty Bike Shop,Metropolitan Manufacturing,El Cajon,California,United States,92020,AW00000313
25,Value Added Reseller,Coalition Bike Company,El Segundo,California,United States,90245,AW00000025
131,Value Added Reseller,Eighth Bike Store,El Segundo,California,United States,90245,AW00000131
648,Value Added Reseller,Small Bike Shop,El Segundo,California,United States,90245,AW00000648
528,Specialty Bike Shop,Alpine Ski House,Elk Grove,California,United States,95624,AW00000528
257,Warehouse,Number 1 Supply,Escondido,California,United States,92025,AW00000257
474,Specialty Bike Shop,Retail Cycle Shop,Eureka,California,United States,95501,AW00000474
113,Value Added Reseller,Trendy Department Stores,Fontana,California,United States,92335,AW00000113
5,Specialty Bike Shop,Metropolitan Sports Supply,Fremont,California,United States,94536,AW00000005
61,Value Added Reseller,Many Bikes Store,Fullerton,California,United States,92831,AW00000061
385,Value Added Reseller,Sturdy Toys,Gilroy,California,United States,95020,AW00000385
330,Warehouse,The New Bike Store,Hanford,California,United States,93230,AW00000330
60,Warehouse,Main Bicycle Services,Hayward,California,United States,94541,AW00000060
456,Specialty Bike Shop,Riding Excursions,Irvine,California,United States,92614,AW00000456
608,Warehouse,Golf and Cycle Store,La Mesa,California,United States,91941,AW00000608
403,Value Added Reseller,Affordable Sports Equipment,Lake Elsinore,California,United States,92530,AW00000403
275,Warehouse,Outdoor Sporting Goods,Lakewood,California,United States,90712,AW00000275
41,Specialty Bike Shop,Distant Inn,Milpitas,California,United States,95035,AW00000041
133,Warehouse,Commercial Sporting Goods,Modesto,California,United States,95354,AW00000133
491,Value Added Reseller,Area Bike Accessories,Modesto,California,United States,95354,AW00000491
203,Value Added Reseller,Separate Parts Corporation,Monrovia,California,United States,91016,AW00000203
97,Value Added Reseller,Mountain Bike Center,Newark,California,United States,94560,AW00000097
42,Warehouse,Healthy Activity Store,Newport Beach,California,United States,92625,AW00000042
419,Specialty Bike Shop,Exertion Activities Club,Norwalk,California,United States,90650,AW00000419
600,Value Added Reseller,Strenuous Exercise Shop,Norwalk,California,United States,90650,AW00000600
331,Value Added Reseller,Technical Parts Manufacturing,Ontario,California,United States,91764,AW00000331
78,Warehouse,Preferred Bikes,Ontario,California,United States,91764,AW00000078
240,Value Added Reseller,Wire Baskets and Parts,Orange,California,United States,92867,AW00000240
276,Value Added Reseller,Thrifty Parts and Sales,Oxnard,California,United States,93030,AW00000276
295,Specialty Bike Shop,Engineered Bike Systems,Oxnard,California,United States,93030,AW00000295
95,Specialty Bike Shop,Rural Department Store,Pleasanton,California,United States,94566,AW00000095
383,Specialty Bike Shop,Vehicle Shop,Redlands,California,United States,92373,AW00000383
258,Value Added Reseller,Quantity Discounts,Sacramento,California,United States,95814,AW00000258
545,Value Added Reseller,Finish and Sealant Products,San Bruno,California,United States,94066,AW00000545
367,Value Added Reseller,Brown Bicycle Company,San Diego,California,United States,92102,AW00000367
77,Specialty Bike Shop,Mechanical Products Ltd.,San Diego,California,United States,92102,AW00000077
114,Specialty Bike Shop,Two Wheels Cycle Store,San Francisco,California,United States,94109,AW00000114
185,Value Added Reseller,Weekend Bike Tours,San Jose,California,United States,95112,AW00000185
349,Value Added Reseller,Exercise Center,San Jose,California,United States,95112,AW00000349
511,Warehouse,Wheel Gallery,San Mateo,California,United States,94404,AW00000511
23,Specialty Bike Shop,Bike World,San Ramon,California,United States,94583,AW00000023
384,Warehouse,Sparkling Paint and Finishes,San Ysidro,California,United States,92173,AW00000384
599,Warehouse,Westside Plaza,Sand City,California,United States,93955,AW00000599
649,Specialty Bike Shop,Sports Products Store,Santa Ana,California,United States,92701,AW00000649
96,Warehouse,More Bikes!,Santa Ana,California,United States,92701,AW00000096
239,Warehouse,Bicycle Merchandise Warehouse,Santa Monica,California,United States,90401,AW00000239
420,Warehouse,Extreme Riding Supplies,Sherman Oaks,California,United States,91403,AW00000420
259,Specialty Bike Shop,Highway Bike Shop,Simi Valley,California,United States,93065,AW00000259
150,Specialty Bike Shop,Fleet Bikes,Stockton,California,United States,95202,AW00000150
204,Specialty Bike Shop,Traction Tire Company,Torrance,California,United States,90505,AW00000204
510,Specialty Bike Shop,World Bike Discount Store,Trabuco Canyon,California,United States,92679,AW00000510
24,Warehouse,Eastside Department Store,Union City,California,United States,94587,AW00000024
311,Warehouse,Principal Bike Company,Upland,California,United States,91786,AW00000311
347,Specialty Bike Shop,Bike Universe,Vacaville,California,United States,95688,AW00000347
582,Value Added Reseller,Professional Sales and Service,Van Nuys,California,United States,91411,AW00000582
59,Specialty Bike Shop,Locks Company,Visalia,California,United States,93291,AW00000059
294,Value Added Reseller,Flawless Bike Shop,Vista,California,United States,92084,AW00000294
565,Specialty Bike Shop,Metallic Paint and Overcoat Co,Vista,California,United States,92084,AW00000565
547,Specialty Bike Shop,Curbside Sporting Goods,Walnut Creek,California,United States,94596,AW00000547
421,Value Added Reseller,Fitness Cycling,Whittier,California,United States,90605,AW00000421
296,Warehouse,Extreme Toy Store,Birmingham,Alabama,United States,35203,AW00000296
224,Warehouse,Pedal Systems Company,Florence,Alabama,United States,35630,AW00000224
44,Specialty Bike Shop,Games and Sport Supply Company,Huntsville,Alabama,United States,35801,AW00000044
387,Warehouse,Racing Association,Huntsville,Alabama,United States,35801,AW00000387
189,Specialty Bike Shop,Principal Bicycle Supply,Mobile,Alabama,United States,36602,AW00000189
332,Specialty Bike Shop,Topnotch Bikes,Montgomery,Alabama,United States,36104,AW00000332
205,Warehouse,Rally Master Company Inc,Chandler,Arizona,United States,85225,AW00000205
625,Specialty Bike Shop,Major Sporting Goods,Chandler,Arizona,United States,85225,AW00000625
563,Warehouse,Systematic Sales,Gilbert,Arizona,United States,85233,AW00000563
457,Warehouse,Retail Sporting Equipment,Mesa,Arizona,United States,85201,AW00000457
473,Value Added Reseller,Racing Toys,Phoenix,Arizona,United States,85004,AW00000473
437,Value Added Reseller,Professional Cycle Store,Phoenix,Arizona,United States,85004,AW00000437
475,Warehouse,Real Sporting Goods,Phoenix,Arizona,United States,85004,AW00000475
624,Value Added Reseller,First Cycle Store,Scottsdale,Arizona,United States,85257,AW00000624
610,Specialty Bike Shop,Fitness Department Stores,Scottsdale,Arizona,United States,85257,AW00000610
583,Specialty Bike Shop,Professional Containers and Packaging Co.,Surprise,Arizona,United States,85374,AW00000583
509,Value Added Reseller,Fun Toys and Bikes,Tucson,Arizona,United States,85701,AW00000509
439,Warehouse,Regional Manufacturing,Tucson,Arizona,United States,85701,AW00000439
222,Value Added Reseller,Sample Bike Store,Denver,Colorado,United States,80203,AW00000222
223,Specialty Bike Shop,Paints and Solvents Company,Englewood,Colorado,United States,80110,AW00000223
79,Value Added Reseller,Reasonable Bicycle Sales,Greeley,Colorado,United States,80631,AW00000079
523,Warehouse,Futuristic Sport Distributors,Longmont,Colorado,United States,80501,AW00000523
546,Value Added Reseller,Field Trip Store,Loveland,Colorado,United States,80537,AW00000546
348,Warehouse,Bold Bike Accessories,Loveland,Colorado,United States,80537,AW00000348
527,Value Added Reseller,Fun Times Club,Parker,Colorado,United States,80138,AW00000527
132,Specialty Bike Shop,Another Sporting Goods Company,Westminster,Colorado,United States,80030,AW00000132
149,Value Added Reseller,Initial Bike Company,Westminster,Colorado,United States,80030,AW00000149
143,Value Added Reseller,Modern Bike Store,East Haven,Connecticut,United States,06512,AW00000143
71,Specialty Bike Shop,Outdoor Distributors,Farmington,Connecticut,United States,06032,AW00000071
251,Warehouse,Endurance Bikes,Hamden,Connecticut,United States,06518,AW00000251
252,Value Added Reseller,Classic Cycle Store,Milford,Connecticut,United States,06460,AW00000252
684,Warehouse,Lease-a-Bike Shop,Milford,Connecticut,United States,06460,AW00000684
691,Value Added Reseller,Mountain Bike Store,New Haven,Connecticut,United States,06510,AW00000691
125,Value Added Reseller,Immediate Repair Shop,Stamford,Connecticut,United States,06901,AW00000125
216,Specialty Bike Shop,Painters Bicycle Specialists,Waterbury,Connecticut,United States,06710,AW00000216
215,Value Added Reseller,Eleventh Bike Store,Westport,Connecticut,United States,06880,AW00000215
261,Value Added Reseller,Functional Store North,Altamonte Springs,Florida,United States,32701,AW00000261
611,Warehouse,Front Runner Bikes,Bradenton,Florida,United States,34205,AW00000611
153,Specialty Bike Shop,Widget Bicycle Specialists,Clearwater,Florida,United States,33755,AW00000153
549,Value Added Reseller,Daring Rides,Clearwater,Florida,United States,33755,AW00000549
458,Value Added Reseller,Simple Bike Parts,Destin,Florida,United States,32541,AW00000458
612,Value Added Reseller,General Associates,Hollywood,Florida,United States,33021,AW00000612
243,Value Added Reseller,Recreation Supplies,Kendall,Florida,United States,33143,AW00000243
495,Specialty Bike Shop,Tough and Reliable Parts,Lakeland,Florida,United States,33801,AW00000495
315,Value Added Reseller,Juvenile Sports Equipment,Merritt Island,Florida,United States,32952,AW00000315
494,Value Added Reseller,Worthwhile Activity Store,Miami,Florida,United States,33127,AW00000494
242,Warehouse,Spoke Manufacturers,Miami,Florida,United States,33127,AW00000242
260,Warehouse,Industrial Supplies,Miami,Florida,United States,33127,AW00000260
188,Value Added Reseller,Variety Bike Outlet,Miami,Florida,United States,33127,AW00000188
81,Warehouse,Rally Day Mall,Miami,Florida,United States,33127,AW00000081
98,Specialty Bike Shop,Superlative Bikes,Miami,Florida,United States,33127,AW00000098
26,Specialty Bike Shop,Stylish Department Stores,Miami,Florida,United States,33127,AW00000026
8,Specialty Bike Shop,Exemplary Cycles,Miami,Florida,United States,33127,AW00000008
603,Value Added Reseller,Retail Toy Store,Miami,Florida,United States,33127,AW00000603
628,Specialty Bike Shop,Executive Discount Store,Miami,Florida,United States,33127,AW00000628
675,Warehouse,Bike Goods,North Miami Beach,Florida,United States,33162,AW00000675
278,Warehouse,Tread Industries,Orlando,Florida,United States,32804,AW00000278
440,Value Added Reseller,Hobby Store,Orlando,Florida,United States,32804,AW00000440
530,Value Added Reseller,Valuable Bike Parts Company,Orlando,Florida,United States,32804,AW00000530
99,Warehouse,Unified Sports Company,Sarasota,Florida,United States,34236,AW00000099
80,Specialty Bike Shop,Racks and Security Systems,Sunrise,Florida,United States,33322,AW00000080
477,Specialty Bike Shop,Quitting Business Distributors,Tampa,Florida,United States,33602,AW00000477
531,Specialty Bike Shop,Sunny Place Bikes,Vero Beach,Florida,United States,32960,AW00000531
116,Value Added Reseller,Retirement Activities Association,Atlanta,Georgia,United States,30308,AW00000116
651,Value Added Reseller,Retread Tire Company,Augusta,Georgia,United States,30901,AW00000651
676,Value Added Reseller,Better Bike Shop,Austell,Georgia,United States,30106,AW00000676
525,Specialty Bike Shop,Cycles and Scooters,Byron,Georgia,United States,31008,AW00000525
152,Value Added Reseller,Distance Bikes,Clarkston,Georgia,United States,30021,AW00000152
476,Value Added Reseller,Noiseless Gear Company,Columbus,Georgia,United States,31901,AW00000476
368,Specialty Bike Shop,Elemental Sporting Goods,Decatur,Georgia,United States,30030,AW00000368
459,Specialty Bike Shop,Parts Shop,La Grange,Georgia,United States,30240,AW00000459
652,Specialty Bike Shop,Selected Distributors,Marietta,Georgia,United States,30060,AW00000652
351,Warehouse,Acclaimed Bicycle Company,Mcdonough,Georgia,United States,30253,AW00000351
171,Specialty Bike Shop,Eighty Toy Stores,Mcdonough,Georgia,United States,30253,AW00000171
584,Warehouse,Qualified Sales and Repair Services,Savannah,Georgia,United States,31401,AW00000584
117,Specialty Bike Shop,Pedals Warehouse,Suwanee,Georgia,United States,30024,AW00000117
110,Value Added Reseller,Vintage Sport Boutique,Idaho Falls,Idaho,United States,83402,AW00000110
488,Value Added Reseller,Bicycle Accessories and Kits,Lewiston,Idaho,United States,83501,AW00000488
398,Specialty Bike Shop,Commendable Bikes,Sandpoint,Idaho,United States,83864,AW00000398
148,Warehouse,Lots of Bikes Storehouse,Carol Stream,Illinois,United States,60188,AW00000148
147,Specialty Bike Shop,Local Hardware Factory,Chicago,Illinois,United States,60610,AW00000147
183,Specialty Bike Shop,This Area Sporting Goods,Chicago,Illinois,United States,60610,AW00000183
237,Value Added Reseller,Client Discount Store,Chicago,Illinois,United States,60610,AW00000237
219,Value Added Reseller,Extras Sporting Goods,Chicago,Illinois,United States,60610,AW00000219
58,Value Added Reseller,Largest Bike Store,Chicago,Illinois,United States,60610,AW00000058
111,Specialty Bike Shop,Westside Cycle Store,Elgin,Illinois,United States,60120,AW00000111
400,Value Added Reseller,Local Sales and Rental,Joliet,Illinois,United States,60433,AW00000400
346,Value Added Reseller,Great Bicycle Supply,Moline,Illinois,United States,61265,AW00000346
472,Warehouse,Summer Sports Place,Norridge,Illinois,United States,60706,AW00000472
310,Specialty Bike Shop,Orange Bicycle Company,Peoria,Illinois,United States,61606,AW00000310
622,Specialty Bike Shop,Gift and Toy Store,Tuscola,Illinois,United States,61953,AW00000622
57,Warehouse,Leading Sales & Repair,West Chicago,Illinois,United States,60185,AW00000057
129,Specialty Bike Shop,Discount Bicycle Specialists,Wood Dale,Illinois,United States,60191,AW00000129
76,Value Added Reseller,Out-of-the-Way Hotels,Wood Dale,Illinois,United States,60191,AW00000076
414,Warehouse,Grand Discount Store,Daleville,Indiana,United States,47334,AW00000414
161,Value Added Reseller,Weekend Tours,Fort Wayne,Indiana,United States,46807,AW00000161
234,Value Added Reseller,Eastside Sporting Goods,Indianapolis,Indiana,United States,46204,AW00000234
432,Warehouse,Super Sports Store,Indianapolis,Indiana,United States,46204,AW00000432
342,Warehouse,Leather and Vinyl Manufacturing,Indianapolis,Indiana,United States,46204,AW00000342
636,Value Added Reseller,Recreation Systems,Logansport,Indiana,United States,46947,AW00000636
305,Warehouse,Professional Sporting Goods,Michigan City,Indiana,United States,46360,AW00000305
396,Warehouse,Executive Gift Store,New Castle,Indiana,United States,47362,AW00000396
36,Warehouse,Exotic Bikes,South Bend,Indiana,United States,46601,AW00000036
225,Value Added Reseller,Optimal Bikes,Campbellsville,Kentucky,United States,42718,AW00000225
369,Warehouse,Distinctive Cycles Sales & Service,Florence,Kentucky,United States,41042,AW00000369
513,Specialty Bike Shop,Village Tours,Newport,Kentucky,United States,41071,AW00000513
297,Value Added Reseller,Blue-Ribbon Bike Company,Saint Matthews,Kentucky,United States,40207,AW00000297
441,Specialty Bike Shop,Leading Bike Distributors,Somerset,Kentucky,United States,42501,AW00000441
486,Specialty Bike Shop,Convenient Bike Shop,Braintree,Massachusetts,United States,02184,AW00000486
53,Specialty Bike Shop,Incomparable Bicycle Store,Norwood,Massachusetts,United States,02062,AW00000053
107,Specialty Bike Shop,Wholesale Bikes,Randolph,Massachusetts,United States,02368,AW00000107
450,Specialty Bike Shop,Bikes Anyone?,Saugus,Massachusetts,United States,01906,AW00000450
557,Warehouse,Purchase Mart,Wrentham,Massachusetts,United States,02093,AW00000557
108,Warehouse,Wheelsets Storehouse,Kittery,Maine,United States,03904,AW00000108
642,Value Added Reseller,Fitness Sport Boutique,Kittery,Maine,United States,03904,AW00000642
323,Warehouse,Metro Bike Works,Detroit,Michigan,United States,48226,AW00000323
431,Specialty Bike Shop,Small Cycle Store,Holland,Michigan,United States,49423,AW00000431
660,Warehouse,Exhilarating Cycles,Howell,Michigan,United States,48843,AW00000660
287,Warehouse,Handy Bike Services,Madison Heights,Michigan,United States,48071,AW00000287
395,Specialty Bike Shop,Online Bike Sellers,Midland,Michigan,United States,48640,AW00000395
468,Specialty Bike Shop,Blue Bicycle Company,Monroe,Michigan,United States,98272,AW00000468
197,Value Added Reseller,"Fabrikam Inc., West",Novi,Michigan,United States,48375,AW00000197
180,Specialty Bike Shop,Full-Service Bike Store,Pontiac,Michigan,United States,48342,AW00000180
643,Specialty Bike Shop,Friendly Bike Shop,Port Huron,Michigan,United States,48060,AW00000643
504,Specialty Bike Shop,Historic Bicycle Sales,Redford,Michigan,United States,48239,AW00000504
377,Specialty Bike Shop,Grand Sport Boutique,Saginaw,Michigan,United States,48601,AW00000377
360,Warehouse,Novelty Bikes,Saginaw,Michigan,United States,48601,AW00000360
198,Specialty Bike Shop,Field Trip Inc,Southfield,Michigan,United States,48034,AW00000198
306,Value Added Reseller,Work and Play Association,Southgate,Michigan,United States,48195,AW00000306
288,Value Added Reseller,Kickstand Sellers,Westland,Michigan,United States,48185,AW00000288
18,Warehouse,Catalog Store,Zeeland,Michigan,United States,49464,AW00000018
579,Value Added Reseller,Riders Company,Branch,Minnesota,United States,55056,AW00000579
274,Specialty Bike Shop,Active Systems,Duluth,Minnesota,United States,55802,AW00000274
39,Warehouse,Fitness Hotel,Edina,Minnesota,United States,55436,AW00000039
694,Value Added Reseller,The Accessories Store,Medford,Minnesota,United States,55049,AW00000694
623,Warehouse,Hardware Components,Minneapolis,Minnesota,United States,55402,AW00000623
562,Specialty Bike Shop,Practical Bike Supply Company,Woodbury,Minnesota,United States,55125,AW00000562
598,Specialty Bike Shop,Black Bicycle Company,Branson,Missouri,United States,65616,AW00000598
364,Value Added Reseller,District Mall,Ferguson,Missouri,United States,63135,AW00000364
238,Specialty Bike Shop,A Great Bicycle Company,Jefferson City,Missouri,United States,65101,AW00000238
544,Warehouse,Valley Bicycle Specialists,Kansas City,Missouri,United States,64106,AW00000544
695,Specialty Bike Shop,Responsible Bike Dealers,Kansas City,Missouri,United States,64106,AW00000695
670,Value Added Reseller,First Bike Store,Odessa,Missouri,United States,64076,AW00000670
363,Warehouse,Immense Manufacturing Company,Saint Ann,Missouri,United States,63074,AW00000363
327,Value Added Reseller,World of Bikes,Saint Louis,Missouri,United States,63103,AW00000327
381,Warehouse,Bicycle Lines Distributors,Saint Louis,Missouri,United States,63103,AW00000381
220,Specialty Bike Shop,Best o' Bikes,Saint Louis,Missouri,United States,63103,AW00000220
646,Specialty Bike Shop,Yellow Bicycle Company,Saint Louis,Missouri,United States,63103,AW00000646
423,Warehouse,Bike Rims Company,Biloxi,Mississippi,United States,39530,AW00000423
566,Warehouse,eCommerce Bikes,Gulfport,Mississippi,United States,39501,AW00000566
314,Warehouse,One-Piece Handle Bars,Tupelo,Mississippi,United States,38804,AW00000314
38,Specialty Bike Shop,Finer Mart,Billings,Montana,United States,59101,AW00000038
541,Warehouse,Nonskid Tire Company,Great Falls,Montana,United States,59401,AW00000541
434,Specialty Bike Shop,Road-Way Mart,Missoula,Montana,United States,59801,AW00000434
700,Value Added Reseller,Underglaze and Finish Company,Charlotte,North Carolina,United States,28202,AW00000700
63,Warehouse,Metro Bike Mart,Greensboro,North Carolina,United States,27412,AW00000063
699,Warehouse,Sensational Discount Store,Kannapolis,North Carolina,United States,28081,AW00000699
627,Value Added Reseller,Exchange Parts Inc.,Raleigh,North Carolina,United States,27603,AW00000627
207,Specialty Bike Shop,Lubricant and Grease Suppliers,Rocky Mount,North Carolina,United States,27803,AW00000207
524,Value Added Reseller,Chain and Chain Tool Distributions,Smithfield,North Carolina,United States,27577,AW00000524
206,Value Added Reseller,New and Used Bicycles,Winston-Salem,North Carolina,United States,27104,AW00000206
503,Value Added Reseller,Metropolitan Sales and Rental,Hooksett,New Hampshire,United States,03106,AW00000503
72,Warehouse,Outdoor Equipment Store,Nashua,New Hampshire,United States,03064,AW00000072
594,Value Added Reseller,Casual Bicycle Store,Nashua,New Hampshire,United States,03064,AW00000594
618,Value Added Reseller,Seventh Bike Store,Plaistow,New Hampshire,United States,03865,AW00000618
558,Value Added Reseller,Retail Sales and Service,Tilton,New Hampshire,United States,03276,AW00000558
221,Warehouse,Bike Dealers Association,Las Cruces,New Mexico,United States,88001,AW00000221
581,Warehouse,Safe Toys,Rio Rancho,New Mexico,United States,87124,AW00000581
186,Specialty Bike Shop,Thrilling Bike Tours,Santa Fe,New Mexico,United States,87501,AW00000186
169,Warehouse,Downtown Hotel,Fernley,Nevada,United States,89408,AW00000169
438,Specialty Bike Shop,Remarkable Bike Store,Las Vegas,Nevada,United States,89106,AW00000438
401,Specialty Bike Shop,Brightwork Company,Las Vegas,Nevada,United States,89106,AW00000401
626,Warehouse,Retail Sporting Goods,Las Vegas,Nevada,United States,89106,AW00000626
564,Value Added Reseller,Imported and Domestic Cycles,North Las Vegas,Nevada,United States,89030,AW00000564
650,Warehouse,Permanent Finish Products,Reno,Nevada,United States,89502,AW00000650
115,Warehouse,Security Racks and Locks Wholesalers,Sparks,Nevada,United States,89431,AW00000115
413,Specialty Bike Shop,Margie's Travel,Central Valley,New York,United States,10917,AW00000413
522,Specialty Bike Shop,Small Bike Accessories Shop,Cheektowaga,New York,United States,14227,AW00000522
341,Specialty Bike Shop,Independent Outlet,Clay,New York,United States,13041,AW00000341
324,Value Added Reseller,A Bicycle Association,De Witt,New York,United States,13214,AW00000324
126,Specialty Bike Shop,Famous Bike Sales and Service,Endicott,New York,United States,13760,AW00000126
619,Specialty Bike Shop,Strong Metal Manufacturing,Ithaca,New York,United States,14850,AW00000619
539,Value Added Reseller,Glossy Bikes,Lake George,New York,United States,12845,AW00000539
54,Warehouse,Larger Cycle Shop,Melville,New York,United States,11747,AW00000054
233,Warehouse,Fashionable Department Stores,New Hartford,New York,United States,13413,AW00000233
144,Specialty Bike Shop,Only Bikes and Accessories,New York,New York,United States,10007,AW00000144
667,Value Added Reseller,Traditional Department Stores,Valley Stream,New York,United States,11580,AW00000667
540,Specialty Bike Shop,Guaranteed Sales and Service,Burbank,Ohio,United States,44214,AW00000540
575,Warehouse,Bicycle Outfitters,Cincinnati,Ohio,United States,45202,AW00000575
359,Specialty Bike Shop,Mechanical Sports Center,Cincinnati,Ohio,United States,45202,AW00000359
666,Warehouse,Bike Boutique,Columbus,Ohio,United States,43215,AW00000666
269,Warehouse,Curbside Universe,Euclid,Ohio,United States,44119,AW00000269
690,Warehouse,Active Cycling,Heath,Ohio,United States,43056,AW00000690
593,Warehouse,Expert Sports Store,Holland,Ohio,United States,43528,AW00000593
576,Value Added Reseller,The Bike Mechanics,Mansfield,Ohio,United States,44903,AW00000576
179,Value Added Reseller,Fourth Bike Store,Mentor,Ohio,United States,44060,AW00000179
270,Value Added Reseller,Active Transport Inc.,North Randall,Ohio,United States,44128,AW00000270
89,Specialty Bike Shop,Riverside Company,Oberlin,Ohio,United States,44074,AW00000089
378,Warehouse,Grown-up Bike Store,Springdale,Ohio,United States,45246,AW00000378
452,Value Added Reseller,A Cycle Shop,Albany,Oregon,United States,97321,AW00000452
595,Specialty Bike Shop,Cycle Clearance,Albany,Oregon,United States,97321,AW00000595
645,Value Added Reseller,Superior Hardware Distributors,Beaverton,Oregon,United States,97005,AW00000645
91,Value Added Reseller,Scooters and Bikes Store,Beaverton,Oregon,United States,97005,AW00000091
604,Specialty Bike Shop,Sellers of Cycles,Clackamas,Oregon,United States,97015,AW00000604
181,Warehouse,Family Entertainment Center,Clackamas,Oregon,United States,97015-6403,AW00000181
693,Warehouse,Stock Parts and Supplies,Hillsboro,Oregon,United States,97123,AW00000693
163,Warehouse,Sports Merchandise,Klamath Falls,Oregon,United States,97601,AW00000163
55,Value Added Reseller,Kickstands and Accessories Company,Medford,Oregon,United States,97504,AW00000055
451,Warehouse,Roadway Bike Emporium,Medford,Oregon,United States,97504,AW00000451
182,Value Added Reseller,Another Bicycle Company,Milwaukie,Oregon,United States,97222,AW00000182
56,Specialty Bike Shop,Latest Accessories Sales,Portland,Oregon,United States,97205,AW00000056
74,Specialty Bike Shop,Parcel Express Delivery Service,Portland,Oregon,United States,97205,AW00000074
379,Value Added Reseller,Fad Outlet,Portland,Oregon,United States,97205,AW00000379
487,Warehouse,Bike Experts,Salem,Oregon,United States,97301,AW00000487
644,Warehouse,Convenient Sales and Service,Springfield,Oregon,United States,97477,AW00000644
692,Specialty Bike Shop,Successful Sales Company,Tigard,Oregon,United States,97223,AW00000692
164,Value Added Reseller,Suburban Cycle Shop,Troutdale,Oregon,United States,97060,AW00000164
162,Specialty Bike Shop,Tire Company,Warwick,Rhode Island,United States,02889,AW00000162
35,Specialty Bike Shop,Economic Parts Supply,West Kingston,Rhode Island,United States,02892,AW00000035
521,Value Added Reseller,Mobile Outlet,Woonsocket,Rhode Island,United States,02895,AW00000521
548,Warehouse,New Bikes Company,Bluffton,South Carolina,United States,29910,AW00000548
422,Specialty Bike Shop,Consolidated Sales,Gaffney,South Carolina,United States,29340,AW00000422
386,Specialty Bike Shop,Touring Services,Myrtle Beach,South Carolina,United States,29577,AW00000386
454,Warehouse,Sleek Bikes,Denby,South Dakota,United States,57716,AW00000454
22,Value Added Reseller,Travel Systems,North Sioux City,South Dakota,United States,57049,AW00000022
404,Specialty Bike Shop,Activity Center,Crossville,Tennessee,United States,38555,AW00000404
333,Warehouse,Resident Cycle Shop,Hixson,Tennessee,United States,37343,AW00000333
405,Warehouse,Sporting Goods and Bicycle Shop,Kingsport,Tennessee,United States,37660,AW00000405
45,Warehouse,Every Bike Shop,La Vergne,Tennessee,United States,37086,AW00000045
602,Warehouse,Ultimate Bike Shop,Maryville,Tennessee,United States,37801,AW00000602
135,Specialty Bike Shop,Wonderful Bikes Inc.,Memphis,Tennessee,United States,38103,AW00000135
170,Value Added Reseller,Excellent Riding Supplies,Memphis,Tennessee,United States,38103,AW00000170
279,Value Added Reseller,Reliable Brake Systems,Memphis,Tennessee,United States,38103,AW00000279
585,Value Added Reseller,Next-Door Bike Store,Memphis,Tennessee,United States,38103,AW00000585
134,Value Added Reseller,Budget Bike Company,Millington,Tennessee,United States,38054,AW00000134
27,Warehouse,Sports Sales and Rental,Millington,Tennessee,United States,38054,AW00000027
9,Warehouse,Tandem Bicycle Store,Millington,Tennessee,United States,38054,AW00000009
62,Specialty Bike Shop,Manufacturers Inc,Nashville,Tennessee,United States,37203,AW00000062
512,Value Added Reseller,Tiny Bike Boutique,Nashville,Tennessee,United States,37203,AW00000512
350,Specialty Bike Shop,Mountain Emporium,Nashville,Tennessee,United States,37203,AW00000350
567,Value Added Reseller,Global Plaza,Pigeon Forge,Tennessee,United States,37863,AW00000567
647,Warehouse,Solid Bike Parts,Arlington,Texas,United States,76010,AW00000647
4,Value Added Reseller,Modular Cycle Systems,Austin,Texas,United States,78701,AW00000004
291,Value Added Reseller,Grand Bicycle Stores,Baytown,Texas,United States,77520,AW00000291
184,Warehouse,Go-cart and Bike Specialists,Carrollton,Texas,United States,75006,AW00000184
489,Specialty Bike Shop,Cash & Carry Bikes,Cedar Park,Texas,United States,78613,AW00000489
436,Value Added Reseller,Sheet Metal Manufacturing,College Station,Texas,United States,77840,AW00000436
435,Warehouse,Satin Finish Company,Corpus Christi,Texas,United States,78404,AW00000435
201,Specialty Bike Shop,Unsurpassed Bikes,Dallas,Texas,United States,75201,AW00000201
165,Specialty Bike Shop,Third Bike Store,Dallas,Texas,United States,75201,AW00000165
256,Specialty Bike Shop,Rental Bikes,Dallas,Texas,United States,75201,AW00000256
130,Warehouse,Elite Bikes,Dallas,Texas,United States,75201,AW00000130
112,Warehouse,Town Industries,Dallas,Texas,United States,75201,AW00000112
94,Value Added Reseller,Specialty Sports Store,Fort Worth,Texas,United States,76102,AW00000094
75,Warehouse,Paint Supply,Garland,Texas,United States,75040,AW00000075
166,Warehouse,Fitness Toy Store,Garland,Texas,United States,75040,AW00000166
508,Warehouse,Designer Department Stores,Hillsboro,Texas,United States,76645,AW00000508
292,Specialty Bike Shop,Grease and Oil Products Company,Houston,Texas,United States,77003,AW00000292
309,Value Added Reseller,The Gear Store,Houston,Texas,United States,77003,AW00000309
255,Value Added Reseller,Swift Cycles,Houston,Texas,United States,77003,AW00000255
597,Value Added Reseller,All Seasons Sports Supply,Houston,Texas,United States,77003,AW00000597
345,Warehouse,Genial Bike Associates,Humble,Texas,United States,77338,AW00000345
3,Warehouse,Advanced Bike Components,Irving,Texas,United States,75061,AW00000003
21,Warehouse,Chic Department Stores,Irving,Texas,United States,75061,AW00000021
399,Warehouse,Big Cycle Mall,Killeen,Texas,United States,76541,AW00000399
607,Specialty Bike Shop,Maintenance and Repair for Bicycles,La Marque,Texas,United States,77568,AW00000607
40,Value Added Reseller,Journey Sporting Goods,Laredo,Texas,United States,78040,AW00000040
490,Warehouse,Extraordinary Bike Works,Mesquite,Texas,United States,75149,AW00000490
202,Warehouse,Two-Seater Bikes,Plano,Texas,United States,75074,AW00000202
273,Value Added Reseller,A Typical Bike Shop,Round Rock,Texas,United States,78664,AW00000273
93,Warehouse,Stationary Bikes and Stands,Round Rock,Texas,United States,78664,AW00000093
471,Specialty Bike Shop,Social Activities Club,San Antonio,Texas,United States,78204,AW00000471
580,Specialty Bike Shop,Rural Sales and Service,San Antonio,Texas,United States,78204,AW00000580
382,Value Added Reseller,Beneficial Exercises and Activities,San Antonio,Texas,United States,78204,AW00000382
417,Warehouse,Genuine Bike Shop,San Antonio,Texas,United States,78204,AW00000417
328,Value Added Reseller,Totes & Baskets Company,San Antonio,Texas,United States,78204,AW00000328
671,Specialty Bike Shop,"Contoso, Ltd.",San Antonio,Texas,United States,78204,AW00000671
507,Specialty Bike Shop,Global Sporting Goods,Stafford,Texas,United States,77477,AW00000507
561,Value Added Reseller,Mountain Toy Store,Sugar Land,Texas,United States,77478,AW00000561
673,Value Added Reseller,Countryside Company,Bountiful,Utah,United States,84010,AW00000673
698,Specialty Bike Shop,Western Bike Supplies,Cedar City,Utah,United States,84720,AW00000698
672,Warehouse,Utilitarian Sporting Goods,Ogden,Utah,United States,84401,AW00000672
293,Warehouse,Fashionable Bikes and Accessories,Park City,Utah,United States,84098,AW00000293
696,Warehouse,Roadway Supplies,Riverton,Utah,United States,84065,AW00000696
43,Value Added Reseller,Frugal Bike Shop,Salt Lake City,Utah,United States,84101,AW00000043
7,Value Added Reseller,Associated Bikes,Salt Lake City,Utah,United States,84101,AW00000007
601,Specialty Bike Shop,Transport Bikes,Sandy,Utah,United States,84070,AW00000601
697,Value Added Reseller,Brakes and Gears,Tooele,Utah,United States,84074,AW00000697
90,Warehouse,Sales and Supply Company,Chantilly,Virginia,United States,20151,AW00000090
467,Value Added Reseller,The Cycle Store,Falls Church,Virginia,United States,22046,AW00000467
485,Value Added Reseller,Clamps & Brackets Co.,Leesburg,Virginia,United States,20176,AW00000485
17,Specialty Bike Shop,Trusted Catalog Store,Newport News,Virginia,United States,23607,AW00000017
449,Value Added Reseller,Bike Products and Accessories,Virginia Beach,Virginia,United States,23451,AW00000449
254,Warehouse,Safe Cycles Shop,Bellevue,Washington,United States,98004,AW00000254
290,Warehouse,Friendly Bike Shop,Bellingham,Washington,United States,98225,AW00000290
621,Value Added Reseller,Running and Cycling Gear,Bellingham,Washington,United States,98225,AW00000621
325,Specialty Bike Shop,All Cycle Shop,Bothell,Washington,United States,98011,AW00000325
19,Value Added Reseller,Center Cycle Shop,Bothell,Washington,United States,98011,AW00000019
469,Warehouse,Vast Bike Sales and Rental,Chehalis,Washington,United States,98532,AW00000469
343,Value Added Reseller,Mail-Order Outlet,Ellensburg,Washington,United States,98926,AW00000343
344,Specialty Bike Shop,Fifth Bike Store,Everett,Washington,United States,98201,AW00000344
308,Warehouse,Rugged Bikes,Everett,Washington,United States,98201,AW00000308
596,Warehouse,Coho Sports,Everett,Washington,United States,98201,AW00000596
669,Warehouse,Racing Bike Outlet,Federal Way,Washington,United States,98003,AW00000669
109,Value Added Reseller,Travel Sports,Issaquah,Washington,United States,98027,AW00000109
505,Warehouse,Honest Repair Service,Kelso,Washington,United States,98626,AW00000505
668,Specialty Bike Shop,Official Parts Shop,Kelso,Washington,United States,98626,AW00000668
470,Value Added Reseller,Wingtip Toys,Kennewick,Washington,United States,99337,AW00000470
326,Warehouse,Year-Round Sports,Kent,Washington,United States,98031,AW00000326
20,Specialty Bike Shop,Central Discount Store,Kent,Washington,United States,98031,AW00000020
542,Value Added Reseller,Finer Parts Shop,Kirkland,Washington,United States,98033,AW00000542
433,Value Added Reseller,Thorough Parts and Repair Services,Lacey,Washington,United States,98503,AW00000433
218,Value Added Reseller,Sure & Reliable Sporting Goods,Longview,Washington,United States,98632,AW00000218
235,Specialty Bike Shop,Certified Bicycle Supply,Lynnwood,Washington,United States,98036,AW00000235
73,Value Added Reseller,Outdoor Sports Supply,North Bend,Washington,United States,98045,AW00000073
200,Value Added Reseller,Basic Bike Company,Port Orchard,Washington,United States,98366,AW00000200
253,Specialty Bike Shop,Roving Sports,Puyallup,Washington,United States,98371,AW00000253
37,Value Added Reseller,Two Bike Shops,Puyallup,Washington,United States,98371,AW00000037
307,Specialty Bike Shop,Riding Associates,Puyallup,Washington,United States,98371,AW00000307
578,Warehouse,The Bike Shop,Puyallup,Washington,United States,98371,AW00000578
127,Warehouse,Front Sporting Goods,Redmond,Washington,United States,98052,AW00000127
145,Warehouse,Raw Materials Inc,Redmond,Washington,United States,98052,AW00000145
2,Specialty Bike Shop,Progressive Sports,Renton,Washington,United States,98055,AW00000002
289,Specialty Bike Shop,Moderately-Priced Bikes Store,Renton,Washington,United States,98055,AW00000289
199,Warehouse,Authorized Bike Sales and Rental,Renton,Washington,United States,98055,AW00000199
236,Warehouse,Closeout Boutique,Seattle,Washington,United States,98104,AW00000236
1,Value Added Reseller,A Bike Store,Seattle,Washington,United States,98104,AW00000001
146,Value Added Reseller,Latest Sports Equipment,Seattle,Washington,United States,98104,AW00000146
397,Value Added Reseller,Capable Sales and Service,Seattle,Washington,United States,98104,AW00000397
361,Value Added Reseller,Fitness Supplies,Sequim,Washington,United States,98382,AW00000361
217,Warehouse,City Manufacturing,Shelton,Washington,United States,98584,AW00000217
362,Specialty Bike Shop,Grand Cycle Store,Spokane,Washington,United States,99202,AW00000362
415,Value Added Reseller,Imaginary Toys,Spokane,Washington,United States,99202,AW00000415
605,Warehouse,Outstanding Cycles,Spokane,Washington,United States,99202,AW00000605
577,Specialty Bike Shop,Synthetic Materials Manufacturing,Tacoma,Washington,United States,98403,AW00000577
272,Warehouse,Metro Cycle Shop,Tacoma,Washington,United States,98403,AW00000272
416,Specialty Bike Shop,Impromptu Trips,Union Gap,Washington,United States,98903,AW00000416
271,Specialty Bike Shop,Alternative Vehicles,Washougal,Washington,United States,98671,AW00000271
128,Value Added Reseller,Demand Distributors,Wenatchee,Washington,United States,98801,AW00000128
92,Specialty Bike Shop,Sports Commodities,Woodinville,Washington,United States,98072,AW00000092
543,Specialty Bike Shop,Friendly Neighborhood Bikes,Johnson Creek,Wisconsin,United States,53038,AW00000543
453,Specialty Bike Shop,Unique Bikes,Milwaukee,Wisconsin,United States,53202,AW00000453
606,Value Added Reseller,Little Bicycle Supply Shop,Mosinee,Wisconsin,United States,54455,AW00000606
418,Value Added Reseller,Good Bike Shop,Racine,Wisconsin,United States,53182,AW00000418
506,Value Added Reseller,Great Bikes,Casper,Wyoming,United States,82601,AW00000506
559,Specialty Bike Shop,Some Discount Store,Cheyenne,Wyoming,United States,82001,AW00000559
380,Specialty Bike Shop,First Department Stores,Cheyenne,Wyoming,United States,82001,AW00000380
620,Warehouse,Tires and Tubes,Cheyenne,Wyoming,United States,82001,AW00000620
560,Warehouse,Major Sport Suppliers,Rock Springs,Wyoming,United States,82901,AW00000560
-1,[Not Applicable],[Not Applicable],[Not Applicable],[Not Applicable],[Not Applicable],[Not Applicable],[Not Applicable]
105,Warehouse,Volume Bike Sellers,Alexandria,New South Wales,Australia,2015,AW00000105
658,Value Added Reseller,Mass Market Bikes,Alexandria,New South Wales,Australia,2015,AW00000658
555,Value Added Reseller,Twin Cycles,Darlinghurst,New South Wales,Australia,2010,AW00000555
87,Warehouse,Rich Department Store,Lane Cove,New South Wales,Australia,1597,AW00000087
141,Specialty Bike Shop,Rental Gallery,Lavender Bay,New South Wales,Australia,2060,AW00000141
15,Warehouse,Budget Toy Store,Lavender Bay,New South Wales,Australia,2060,AW00000015
33,Warehouse,Global Sports Outlet,Lavender Bay,New South Wales,Australia,2060,AW00000033
69,Warehouse,Online Bike Catalog,Lavender Bay,New South Wales,Australia,2060,AW00000069
231,Value Added Reseller,Helmets and Cycles,Lavender Bay,New South Wales,Australia,2060,AW00000231
501,Specialty Bike Shop,Jumbo Bikes,Malabar,New South Wales,Australia,2036,AW00000501
321,Value Added Reseller,Second Bike Shop,Matraville,New South Wales,Australia,2036,AW00000321
339,Warehouse,Major Bicycle Store,Matraville,New South Wales,Australia,2036,AW00000339
616,Specialty Bike Shop,Eastward Bike Accessories,Matraville,New South Wales,Australia,2036,AW00000616
393,Warehouse,Gears and Parts Company,Milsons Point,New South Wales,Australia,2061,AW00000393
682,Value Added Reseller,Popular Bike Lines,Newcastle,New South Wales,Australia,2300,AW00000682
285,Value Added Reseller,Nearest Bike Store,North Ryde,New South Wales,Australia,2113,AW00000285
159,Specialty Bike Shop,Uncompromising Quality Co,North Ryde,New South Wales,Australia,2113,AW00000159
123,Specialty Bike Shop,First Supplies,North Ryde,New South Wales,Australia,2113,AW00000123
195,Specialty Bike Shop,Inexpensive Parts Shop,North Sydney,New South Wales,Australia,2055,AW00000195
411,Warehouse,Kids and Adults Cycle Shop,North Sydney,New South Wales,Australia,2055,AW00000411
303,Value Added Reseller,Seaside Bike Works,North Sydney,New South Wales,Australia,2055,AW00000303
483,Specialty Bike Shop,Fitness Bike Accessories,Rhodes,New South Wales,Australia,2138,AW00000483
573,Value Added Reseller,Nationwide Supply,Rhodes,New South Wales,Australia,2138,AW00000573
537,Specialty Bike Shop,Preferable Bikes,Rhodes,New South Wales,Australia,2138,AW00000537
634,Specialty Bike Shop,Sensible Sports,Rhodes,New South Wales,Australia,2138,AW00000634
429,Warehouse,Unusual Bicycle Company,Silverwater,New South Wales,Australia,2264,AW00000429
447,Specialty Bike Shop,Cross-town Parts Shop,Springwood,New South Wales,Australia,2777,AW00000447
465,Specialty Bike Shop,Expert Cycle Store,St. Leonards,New South Wales,Australia,2065,AW00000465
688,Value Added Reseller,Bike Part Wholesalers,Sydney,New South Wales,Australia,1002,AW00000688
375,Warehouse,Region Bike Company,East Brisbane,Queensland,Australia,4169,AW00000375
177,Specialty Bike Shop,Plastic Products Manufacturers,Hawthorne,Queensland,Australia,4171,AW00000177
51,Warehouse,Ideal Components,Cloverdale,South Australia,Australia,6105,AW00000051
357,Warehouse,Quality Bike Sales,Findon,South Australia,Australia,5023,AW00000357
640,Specialty Bike Shop,Liquidation Sales,Perth,South Australia,Australia,6006,AW00000640
591,Value Added Reseller,Fitness Discount Store,Melbourne,Victoria,Australia,3000,AW00000591
664,Value Added Reseller,Eastside Cycle Shop,Melbourne,Victoria,Australia,3000,AW00000664
519,Specialty Bike Shop,List Price Catalog Company,Melbourne,Victoria,Australia,3000,AW00000519
267,Value Added Reseller,Cycle Parts and Accessories,Melbourne,Victoria,Australia,3000,AW00000267
249,Value Added Reseller,Helpful Sales and Repair Service,Seaford,Victoria,Australia,3198,AW00000249
213,Specialty Bike Shop,Fast Bike Works,South Melbourne,Victoria,Australia,3205,AW00000213
190,Warehouse,Racing Partners,Calgary,Alberta,Canada,T2P 2G8,AW00000190
262,Specialty Bike Shop,General Industries,Calgary,Alberta,Canada,T2P 2G8,AW00000262
46,Value Added Reseller,Gear-Shift Bikes Limited,Calgary,Alberta,Canada,T2P 2G8,AW00000046
136,Warehouse,Wholesale Parts,Calgary,Alberta,Canada,T2P 2G8,AW00000136
137,Value Added Reseller,Transportation Options,Calgary,Alberta,Canada,T2P 2G8,AW00000137
444,Specialty Bike Shop,Finer Cycle Shop,Calgary,Alberta,Canada,T2P 2G8,AW00000444
354,Warehouse,Serious Cycles,Calgary,Alberta,Canada,T2P 2G8,AW00000354
370,Value Added Reseller,Acceptable Sales & Service,Calgary,Alberta,Canada,T2P 2G8,AW00000370
661,Value Added Reseller,General Department Stores,Calgary,Alberta,Canada,T2P 2G8,AW00000661
701,Warehouse,Future Bikes,Calgary,Alberta,Canada,T2P 2G8,AW00000701
629,Warehouse,Efficient Cycling,Calgary,Alberta,Canada,T2P 2G8,AW00000629
352,Value Added Reseller,Twelfth Bike Store,Edmonton,Alberta,Canada,T5,AW00000352
496,Warehouse,Top Sports Supply,Edmonton,Alberta,Canada,T5,AW00000496
10,Value Added Reseller,Rural Cycle Emporium,Burnaby,British Columbia,Canada,V5A 3A6,AW00000010
317,Warehouse,Finer Riding Supplies,Burnaby,British Columbia,Canada,V5A 4X1,AW00000317
263,Warehouse,Farthest Bike Store,Burnaby,British Columbia,Canada,V5G 4S4,AW00000263
588,Value Added Reseller,General Cycle Storehouse,Burnaby,British Columbia,Canada,V5G 4W1,AW00000588
66,Warehouse,Neighborhood Store,Burnaby,British Columbia,Canada,V5H 3Z7,AW00000066
172,Warehouse,Certified Sports Supply,Richmond,British Columbia,Canada,V6B 3P7,AW00000172
408,Warehouse,Odometers and Accessories Company,Richmond,British Columbia,Canada,V6B 3P7,AW00000408
497,Value Added Reseller,Valley Toy Store,Richmond,British Columbia,Canada,V6B 3P7,AW00000497
478,Warehouse,Major Cycling,Richmond,British Columbia,Canada,V6B 3P7,AW00000478
462,Specialty Bike Shop,General Riding Supplies,Richmond,British Columbia,Canada,V6B 3P7,AW00000462
514,Warehouse,Retail Mall,Richmond,British Columbia,Canada,V6B 3P7,AW00000514
371,Specialty Bike Shop,Custom Sales and Service,Surrey,British Columbia,Canada,V3T 4W3,AW00000371
389,Specialty Bike Shop,Sixth Bike Store,Surrey,British Columbia,Canada,V3T 4W3,AW00000389
174,Specialty Bike Shop,Toy Manufacturing Inc,Surrey,British Columbia,Canada,V3T 4W3,AW00000174
173,Value Added Reseller,Sundry Sporting Goods,Vancouver,British Columbia,Canada,V7L 4J4,AW00000173
154,Warehouse,Camping and Sports Store,Vancouver,British Columbia,Canada,V7L 4J4,AW00000154
138,Specialty Bike Shop,South Bike Company,Vancouver,British Columbia,Canada,V7L 4J4,AW00000138
82,Value Added Reseller,Refined Department Stores,Vancouver,British Columbia,Canada,V7L 4J4,AW00000082
388,Value Added Reseller,Road Way Sales and Rental,Vancouver,British Columbia,Canada,V7L 4J4,AW00000388
318,Value Added Reseller,First-Rate Outlet,Victoria,British Columbia,Canada,V8V,AW00000318
298,Specialty Bike Shop,City Cycling,Winnipeg,Manitoba,Canada,R3,AW00000298
353,Specialty Bike Shop,Two-Wheeled Transit Company,Winnipeg,Manitoba,Canada,R3,AW00000353
299,Warehouse,Citywide Service and Repair,Saint John,Brunswick,Canada,E2P 1E3,AW00000299
654,Value Added Reseller,Online Bike Warehouse,Aurora,Ontario,Canada,L4G 7N6,AW00000654
280,Specialty Bike Shop,Standard Bikes,Barrie,Ontario,Canada,L4N,AW00000280
426,Warehouse,Custom Accessories Company,Brampton,Ontario,Canada,L6W 2T7,AW00000426
29,Specialty Bike Shop,Cross-Country Riding Supplies,Chalk Riber,Ontario,Canada,K0J 1J0,AW00000029
84,Warehouse,Rewarding Activities Company,Etobicoke,Ontario,Canada,M9W 3P3,AW00000084
425,Specialty Bike Shop,Bikes for Kids and Adults,Etobicoke,Ontario,Canada,M9W 3P3,AW00000425
532,Warehouse,The Showroom,Kanata,Ontario,Canada,K2L 1H5,AW00000532
516,Specialty Bike Shop,Seats and Saddles Company,Kingston,Ontario,Canada,7L,AW00000516
372,Warehouse,Top Bike Market,Kingston,Ontario,Canada,7L,AW00000372
100,Value Added Reseller,Up-To-Date Sports,Markham,Ontario,Canada,L3S 3K2,AW00000100
335,Specialty Bike Shop,Scratch-Resistant Finishes Company,Mississauga,Ontario,Canada,L4W 5J3,AW00000335
316,Specialty Bike Shop,Low Price Cycles,Mississauga,Ontario,Canada,L5A 1H6,AW00000316
534,Specialty Bike Shop,Recommended Bicycles,Mississauga,Ontario,Canada,L5B 3V4,AW00000534
461,Value Added Reseller,Active Life Toys,Mississauga,Ontario,Canada,L5B 3V4,AW00000461
480,Specialty Bike Shop,General Bike Corporation,Mississauga,Ontario,Canada,L5B 3V4,AW00000480
498,Specialty Bike Shop,Quick Delivery Service,Mississauga,Ontario,Canada,L5B 3V4,AW00000498
569,Warehouse,Designated Distributors,Nepean,Ontario,Canada,K2J 2W5,AW00000569
515,Value Added Reseller,Rural Bicycle Supply,North York,Ontario,Canada,M4C 4K6,AW00000515
228,Value Added Reseller,Home Town Bike Store,Ottawa,Ontario,Canada,K4B 1S1,AW00000228
83,Specialty Bike Shop,Requisite Part Supply,Ottawa,Ontario,Canada,K4B 1S2,AW00000083
526,Warehouse,Finer Sales and Service,Ottawa,Ontario,Canada,K4B 1S2,AW00000526
677,Specialty Bike Shop,Tire Exchange,Ottawa,Ontario,Canada,K4B 1S2,AW00000677
587,Warehouse,Our Sporting Goods Store,Ottawa,Ontario,Canada,K4B 1S3,AW00000587
300,Value Added Reseller,Nice Bikes,Ottawa,Ontario,Canada,K4B 1T7,AW00000300
424,Value Added Reseller,Bikes for Two,Richmond Hill,Ontario,Canada,L4E 3M5,AW00000424
443,Value Added Reseller,Courteous Bicycle Specialists,Richmond Hill,Ontario,Canada,L4E 3M5,AW00000443
209,Value Added Reseller,Purple Bicycle Company,Scarborough,Ontario,Canada,M1V 4M2,AW00000209
653,Warehouse,Mercantile Outlet,Toronto,Ontario,Canada,M4B 1V4,AW00000653
630,Value Added Reseller,Eastside Parts Shop,Toronto,Ontario,Canada,M4B 1V4,AW00000630
631,Specialty Bike Shop,Tandem Sales and Service,Toronto,Ontario,Canada,M4B 1V4,AW00000631
637,Specialty Bike Shop,Reliable Retail Center,Toronto,Ontario,Canada,M4B 1V4,AW00000637
678,Warehouse,Vigorous Exercise Company,Toronto,Ontario,Canada,M4B 1V4,AW00000678
210,Specialty Bike Shop,Gasless Cycle Shop,Toronto,Ontario,Canada,M4B 1V5,AW00000210
227,Warehouse,"Health Spa, Limited",Toronto,Ontario,Canada,M4B 1V5,AW00000227
264,Value Added Reseller,Fasteners & Bolts Outlet,Toronto,Ontario,Canada,M4B 1V5,AW00000264
442,Warehouse,Original Bicycle Supply Company,Toronto,Ontario,Canada,M4B 1V5,AW00000442
568,Specialty Bike Shop,Economy Center,Toronto,Ontario,Canada,M4B 1V5,AW00000568
551,Warehouse,Vinyl and Plastic Goods Corporation,Toronto,Ontario,Canada,M4B 1V5,AW00000551
552,Value Added Reseller,Consolidated Messenger,Toronto,Ontario,Canada,M4B 1V5,AW00000552
28,Value Added Reseller,Commuter Bicycle Store,Toronto,Ontario,Canada,M4B 1V6,AW00000028
64,Value Added Reseller,Metal Clearing House,Toronto,Ontario,Canada,M4B 1V6,AW00000064
47,Specialty Bike Shop,Greater Bike Store,Toronto,Ontario,Canada,M4B 1V6,AW00000047
11,Specialty Bike Shop,Sharp Bikes,Toronto,Ontario,Canada,M4B 1V7,AW00000011
12,Warehouse,Bikes and Motorbikes,Toronto,Ontario,Canada,M4B 1V7,AW00000012
101,Specialty Bike Shop,Urban Sports Emporium,Toronto,Ontario,Canada,M4B 1V7,AW00000101
102,Warehouse,National Manufacturing,Toronto,Ontario,Canada,M4B 1V7,AW00000102
118,Warehouse,Rapid Bikes,Toronto,Ontario,Canada,M4B 1V7,AW00000118
208,Warehouse,Professional Cyclists,Toronto,Ontario,Canada,M4B 1V7,AW00000208
191,Value Added Reseller,Non-Slip Pedal Company,Toronto,Ontario,Canada,M4B 1V7,AW00000191
192,Specialty Bike Shop,Nuts and Bolts Mfg.,Toronto,Ontario,Canada,M4B 1V7,AW00000192
155,Value Added Reseller,Corner Bicycle Supply,Toronto,Ontario,Canada,M4B 1V7,AW00000155
613,Specialty Bike Shop,Famous Bike Shop,Vancouver,Ontario,Canada,V5T 1Y9,AW00000613
390,Warehouse,Plastic Parts Company,Waterloo,Ontario,Canada,N2V,AW00000390
334,Value Added Reseller,Retreat Inn,Waterloo,Ontario,Canada,N2V,AW00000334
65,Specialty Bike Shop,Metro Manufacturing,Weston,Ontario,Canada,M9V 4W3,AW00000065
460,Warehouse,Price-Cutter Discount Bikes,Brossard,Quebec,Canada,J4Z 1C5,AW00000460
245,Warehouse,Leather Seat Factory,Brossard,Quebec,Canada,J4Z 1R4,AW00000245
655,Value Added Reseller,Operational Manufacturing,Dorval,Quebec,Canada,H9P 1H1,AW00000655
226,Specialty Bike Shop,Leisure Activities,Hull,Quebec,Canada,8Y,AW00000226
679,Value Added Reseller,Superb Sales and Repair,Montreal,Quebec,Canada,H1Y 2H3,AW00000679
120,Specialty Bike Shop,Machines & Cycles Store,Montreal,Quebec,Canada,H1Y 2H5,AW00000120
570,Value Added Reseller,Family's Favorite Bike Shop,Montreal,Quebec,Canada,H1Y 2H5,AW00000570
407,Specialty Bike Shop,Workout Emporium,Montreal,Quebec,Canada,H1Y 2H7,AW00000407
48,Warehouse,Grand Industries,Montreal,Quebec,Canada,H1Y 2H7,AW00000048
246,Value Added Reseller,Large Bike Shop,Montreal,Quebec,Canada,H1Y 2H7,AW00000246
281,Warehouse,Petroleum Products Distributors,Montreal,Quebec,Canada,H1Y 2H7,AW00000281
156,Specialty Bike Shop,Metal Processing Company,Montreal,Quebec,Canada,H1Y 2H7,AW00000156
586,Specialty Bike Shop,One Bike Company,Montreal,Quebec,Canada,H1Y 2H7,AW00000586
685,Value Added Reseller,Family Cycle Store,Montreal,Quebec,Canada,H1Y 2H8,AW00000685
244,Specialty Bike Shop,Retail Discount Store,Montreal,Quebec,Canada,H1Y 2H8,AW00000244
336,Warehouse,Primary Bike Distributors,Montreal,Quebec,Canada,H1Y 2H8,AW00000336
406,Value Added Reseller,The Commissary,Outremont,Quebec,Canada,H1Y 2G5,AW00000406
119,Value Added Reseller,Red Bicycle Company,Pnot-Rouge,Quebec,Canada,J1E 2T7,AW00000119
30,Warehouse,Cycle Merchants,Quebec,Quebec,Canada,G1R,AW00000030
550,Specialty Bike Shop,Remote Bicycle Specialists,Quebec,Quebec,Canada,G1R,AW00000550
282,Value Added Reseller,Quick Parts and Service,Sainte-Foy,Quebec,Canada,G1W,AW00000282
533,Value Added Reseller,Tenth Bike Store,Sillery,Quebec,Canada,G1T,AW00000533
479,Value Added Reseller,General Supplies,Ville De'anjou,Quebec,Canada,J1G 2R3,AW00000479
50,Specialty Bike Shop,Hometown Riding Supplies,Berlin,Brandenburg,Germany,14197,AW00000050
482,Value Added Reseller,"Fabrikam Inc., East",Eilenburg,Brandenburg,Germany,04838,AW00000482
633,Value Added Reseller,Rustic Bike Store,Augsburg,Bayern,Germany,86150,AW00000633
639,Value Added Reseller,Producer Goods Clearinghouse,Frankfurt,Bayern,Germany,91480,AW00000639
266,Warehouse,Excellent Bikes,Grevenbroich,Bayern,Germany,41485,AW00000266
230,Warehouse,Global Bike Retailers,Bad Soden,Hessen,Germany,65800,AW00000230
122,Value Added Reseller,Off-Price Bike Center,Berlin,Hessen,Germany,14111,AW00000122
518,Value Added Reseller,Regional Cycle Shop,Berlin,Hessen,Germany,14111,AW00000518
500,Value Added Reseller,Irregulars Outlet,Dresden,Hessen,Germany,01071,AW00000500
104,Specialty Bike Shop,Very Best Sports Supply,Duesseldorf,Hessen,Germany,40605,AW00000104
356,Specialty Bike Shop,Speedometer Sales,Hamburg,Hessen,Germany,22001,AW00000356
212,Value Added Reseller,Enterprise Center,Mnchen,Hessen,Germany,80074,AW00000212
374,Specialty Bike Shop,Major Equipment Co,Salzgitter,Hessen,Germany,38231,AW00000374
657,Warehouse,Links Works,Ascheim,Hamburg,Germany,86171,AW00000657
663,Warehouse,Capital Riding Supplies,Augsburg,Hamburg,Germany,86171,AW00000663
446,Value Added Reseller,Fitness Toys,Berlin,Hamburg,Germany,14111,AW00000446
140,Value Added Reseller,Teen Discount Store,Bonn,Hamburg,Germany,53131,AW00000140
86,Specialty Bike Shop,Bicycle Exporters,Essen,Hamburg,Germany,45001,AW00000086
320,Warehouse,Amalgamated Parts Shop,Frankfurt am Main,Hamburg,Germany,60082,AW00000320
392,Specialty Bike Shop,Primary Cycle Shop,Hamburg,Hamburg,Germany,20354,AW00000392
68,Specialty Bike Shop,North Bike Company,Muehlheim,Hamburg,Germany,63151,AW00000068
194,Value Added Reseller,Mechanical Brake Manufacturers,Mnchen,Hamburg,Germany,80074,AW00000194
554,Warehouse,Top of the Line Bikes,Paderborn,Hamburg,Germany,33041,AW00000554
284,Warehouse,Nearby Bike Mall,Berlin,Nordrhein-Westfalen,Germany,14197,AW00000284
158,Value Added Reseller,Rural Sporting Goods,Bonn,Nordrhein-Westfalen,Germany,53131,AW00000158
572,Warehouse,Versatile Sporting Goods Company,Braunschweig,Nordrhein-Westfalen,Germany,38001,AW00000572
428,Specialty Bike Shop,West Wind Distributors,Hannover,Nordrhein-Westfalen,Germany,30601,AW00000428
615,Value Added Reseller,Fast Services,Leipzig,Nordrhein-Westfalen,Germany,04139,AW00000615
687,Warehouse,Functional Store South,Mnchen,Nordrhein-Westfalen,Germany,80074,AW00000687
536,Value Added Reseller,Next Door Cycles,Berlin,Saarland,Germany,14197,AW00000536
14,Specialty Bike Shop,Bicycle Warehouse Inc.,Frankfurt am Main,Saarland,Germany,60075,AW00000014
410,Specialty Bike Shop,Pedaling Components,Kiel,Saarland,Germany,24044,AW00000410
176,Value Added Reseller,Rodeway Bike Store,Mnster,Saarland,Germany,48001,AW00000176
302,Warehouse,Best Cycle Store,Offenbach,Saarland,Germany,63009,AW00000302
590,Warehouse,Lustrous Paints and Components,Poing,Saarland,Germany,66041,AW00000590
464,Value Added Reseller,Educational Services,Saarbrcken,Saarland,Germany,66001,AW00000464
338,Specialty Bike Shop,Rambling Tours,Stuttgart,Saarland,Germany,70511,AW00000338
32,Specialty Bike Shop,Precision Gears Inc.,Stuttgart,Saarland,Germany,70511,AW00000032
248,Warehouse,Good Bicycle Store,Sulzbach Taunus,Saarland,Germany,66272,AW00000248
681,Warehouse,Showcase for Cycles,Sulzbach Taunus,Saarland,Germany,66272,AW00000681
193,Warehouse,Perfect Toys,Colomiers,Garonne (Haute),France,31770,AW00000193
409,Value Added Reseller,Outdoor Toy Store,Aujan Mournede,Gers,France,32300,AW00000409
481,Warehouse,Getaway Inn,Saint Ouen,Loir et Cher,France,41100,AW00000481
121,Warehouse,Metro Sports Equipment,Saint Ouen,Loir et Cher,France,41100,AW00000121
175,Warehouse,Registered Cycle Store,Orleans,Loiret,France,45000,AW00000175
499,Warehouse,Racing Sales and Service,Orleans,Loiret,France,45000,AW00000499
662,Specialty Bike Shop,Finer Sporting Goods,Croix,Nord,France,59170,AW00000662
49,Value Added Reseller,Neighborhood Bicycle Storehouse,Roncq,Nord,France,59223,AW00000049
571,Specialty Bike Shop,Community Department Stores,Boulogne-sur-Mer,Pas de Calais,France,62200,AW00000571
355,Value Added Reseller,Spare Parts Co.,Paris,Seine (Paris),France,75003,AW00000355
391,Value Added Reseller,Pretty Bikes and Toys,Paris,Seine (Paris),France,75005,AW00000391
656,Specialty Bike Shop,Impervious Paint Company,Paris,Seine (Paris),France,75007,AW00000656
553,Specialty Bike Shop,Accessories Network,Paris,Seine (Paris),France,75008,AW00000553
589,Specialty Bike Shop,Hiatus Bike Tours,Paris,Seine (Paris),France,75009,AW00000589
427,Value Added Reseller,Atypical Bike Company,Paris,Seine (Paris),France,75010,AW00000427
638,Warehouse,Metropolitan Equipment,Paris,Seine (Paris),France,75012,AW00000638
31,Value Added Reseller,Wheels Inc.,Paris,Seine (Paris),France,75013,AW00000031
265,Specialty Bike Shop,Full Sports Supply,Paris,Seine (Paris),France,75016,AW00000265
614,Warehouse,Favorite Toy Distributor,Paris,Seine (Paris),France,75017,AW00000614
157,Warehouse,Ace Bicycle Supply,Paris,Seine (Paris),France,75019,AW00000157
301,Specialty Bike Shop,Rural Mountain Bike Mart,Paris,Seine (Paris),France,75019,AW00000301
211,Warehouse,Sports Products Store,Lieusaint,Seine et Marne,France,77127,AW00000211
283,Specialty Bike Shop,Racing Supply Distributors,Roissy en Brie,Seine et Marne,France,77680,AW00000283
13,Value Added Reseller,Country Parts Shop,Les Ulis,Essonne,France,91940,AW00000013
373,Value Added Reseller,Township Inn,Les Ulis,Essonne,France,91940,AW00000373
517,Warehouse,Racing Store,Les Ulis,Essonne,France,91940,AW00000517
463,Warehouse,Brand New Bikes,Les Ulis,Essonne,France,91940,AW00000463
632,Warehouse,Ultimate Bicycle Company,Morangis,Essonne,France,91420,AW00000632
67,Value Added Reseller,Self-Contained Cycle Parts Company,Verrieres Le Buisson,Essonne,France,91370,AW00000067
139,Warehouse,Steel Inc.,Colombes,Hauts de Seine,France,92700,AW00000139
229,Specialty Bike Shop,Instant Cycle Store,Colombes,Hauts de Seine,France,92700,AW00000229
85,Value Added Reseller,Roadway Bicycle Supply,Courbevoie,Hauts de Seine,France,92400,AW00000085
337,Value Added Reseller,Recreation Toy Store,Paris La Defense,Hauts de Seine,France,92081,AW00000337
680,Specialty Bike Shop,Racing Tours,Svres,Hauts de Seine,France,92310,AW00000680
686,Specialty Bike Shop,Finished Parts Shop,Suresnes,Hauts de Seine,France,92150,AW00000686
319,Specialty Bike Shop,Cycles Sales and Repair,Bobigny,Seine Saint Denis,France,93000,AW00000319
445,Warehouse,First Center,Pantin,Seine Saint Denis,France,93500,AW00000445
103,Value Added Reseller,The Bike Outlet,Pantin,Seine Saint Denis,France,93500,AW00000103
247,Specialty Bike Shop,Major Amusement Company,Orly,Val de Marne,France,94310,AW00000247
535,Warehouse,Spa and Exercise Outfitters,Cergy,Val d'Oise,France,95000,AW00000535
304,Specialty Bike Shop,Essential Bike Works,Abingdon,England,United Kingdom,OX14 4SE,AW00000304
232,Specialty Bike Shop,Exceptional Cycle Services,Basingstoke Hants,England,United Kingdom,RG24 8PL,AW00000232
484,Warehouse,Downhill Bicycle Specialists,Berks,England,United Kingdom,SL4 1RH,AW00000484
376,Value Added Reseller,Commerce Bicycle Specialists,Berkshire,England,United Kingdom,RG11 5TP,AW00000376
412,Value Added Reseller,Leisure Clearing House,Birmingham,England,United Kingdom,B29 6SL,AW00000412
430,Value Added Reseller,Uttermost Bike Shop,Bracknell,England,United Kingdom,RG12 8TB,AW00000430
635,Warehouse,Sports Store,Cambridge,England,United Kingdom,CB4 4BZ,AW00000635
52,Value Added Reseller,Instruments and Parts Company,Gloucestershire,England,United Kingdom,GL7 1RY,AW00000052
268,Specialty Bike Shop,Channel Outlet,High Wycombe,England,United Kingdom,HP10 9QY,AW00000268
214,Warehouse,Exclusive Bicycle Mart,Lancaster,England,United Kingdom,LA1 1LN,AW00000214
70,Value Added Reseller,Outdoor Aerobic Systems Company,London,England,United Kingdom,C2H 7AU,AW00000070
538,Warehouse,Prosperous Tours,London,England,United Kingdom,E17 6JF,AW00000538
574,Specialty Bike Shop,Area Sheet Metal Supply,London,England,United Kingdom,EC1R 0DU,AW00000574
16,Value Added Reseller,Bulk Discount Store,London,England,United Kingdom,SE1 8HL,AW00000016
659,Specialty Bike Shop,Shipping Specialists,London,England,United Kingdom,SW19 3RU,AW00000659
689,Specialty Bike Shop,Consumer Equipment,London,England,United Kingdom,SW1P 2NU,AW00000689
250,Specialty Bike Shop,Express Bike Services,London,England,United Kingdom,SW6 SBY,AW00000250
592,Specialty Bike Shop,Cycling Goods,London,England,United Kingdom,SW8 1XD,AW00000592
641,Warehouse,Extended Tours,London,England,United Kingdom,SW8 4BG,AW00000641
520,Warehouse,Metro Metals Co.,London,England,United Kingdom,W10 6BL,AW00000520
502,Warehouse,Metropolitan Bicycle Supply,London,England,United Kingdom,W1N 9FA,AW00000502
665,Specialty Bike Shop,Authentic Sales and Service,London,England,United Kingdom,W1V 5RN,AW00000665
556,Specialty Bike Shop,Variety Cycling,London,England,United Kingdom,W1X3SE,AW00000556
683,Specialty Bike Shop,Oils and Fluids Warehouse,London,England,United Kingdom,W1Y 3RA,AW00000683
466,Warehouse,Central Bicycle Specialists,Maidenhead,England,United Kingdom,SL67RJ,AW00000466
322,Specialty Bike Shop,Tachometers and Accessories,Milton Keynes,England,United Kingdom,MK8 8DF,AW00000322
196,Warehouse,Exhibition Showroom,Milton Keynes,England,United Kingdom,MK8 8ZD,AW00000196
88,Value Added Reseller,Closest Bicycle Store,Milton Keynes,England,United Kingdom,MK8 8ZD,AW00000088
617,Warehouse,Tubeless Tire Company,Oxford,England,United Kingdom,OX14 4SE,AW00000617
160,Warehouse,Vigorous Sports Store,Oxon,England,United Kingdom,OX16 8RS,AW00000160
286,Specialty Bike Shop,Number One Bike Co.,Reading,England,United Kingdom,RG7 5H7,AW00000286
142,Warehouse,Riding Cycles,Liverpool,England,United Kingdom,L4 4HB,AW00000142
124,Warehouse,Nearby Sporting Goods,W. York,England,United Kingdom,BD1 4SJ,AW00000124
178,Warehouse,Rampart Amusement Company,W. York,England,United Kingdom,BD1 4SJ,AW00000178
34,Value Added Reseller,Cycles Wholesaler & Mfg.,Warrington,England,United Kingdom,WA3 7BH,AW00000034
340,Value Added Reseller,Nearby Cycle Shop,West Sussex,England,United Kingdom,RH15 9UD,AW00000340
106,Value Added Reseller,West Side Mart,Wokingham,England,United Kingdom,RG41 1QW,AW00000106
448,Warehouse,Action Bicycle Specialists,Woolston,England,United Kingdom,WA1 4SY,AW00000448
358,Value Added Reseller,Mail Market,York,England,United Kingdom,Y024 1GF,AW00000358
394,Value Added Reseller,Little Sports Center,York,England,United Kingdom,Y03 4TN,AW00000394